{"cameraMode":{"drawMode":0,"name":"Shaded","section":"Shading Mode"},"sceneLighting":false,"audioPlay":false,"sceneViewState":{"m_AlwaysRefresh":false,"showFog":true,"showSkybox":false,"showFlares":true,"showImageEffects":true,"showParticleSystems":true,"showVisualEffectGraphs":true,"m_FxEnabled":true},"in2DMode":false,"pivot":{"x":-0.01075756549835205,"y":2.9589672088623049,"z":6.827020645141602},"rotation":{"x":-0.2081698179244995,"y":0.031884655356407168,"z":-0.006752775516360998,"w":-0.977578341960907},"size":0.4330126941204071,"orthographic":false}